,segregation,beta,fin_event_prob,nonfin_event_prob,event_size,net_upd_freq,rec_intervention_factor,intervention_gap,hist_len,fb_fin,fb_nonfin,soc_cap_base,soc_cap_inf,dummy,Mean SWB norm,Var SWB norm,Mean SWB,Var SWB,Mean SWB exp,Var SWB exp,Mean SWB community,Var SWB_community,Mean habituation,Var habituation,Mean sensitisation,Var sensitisation,Mean desensitisation,Var desensitisation,Mean social w,Var social w,Mean financial,Var financial,Mean financial exp,Var financial exp,Mean non-financial,Var non-financial,Mean non-financial exp,Var non-financial exp,Mean financial sens,Var financial sens,Mean non-financial sens,Var non-financial sens,Mean RFC,Var RFC,Mean RFC exp,Var RFC exp,Mean social capital,Var social capital,Mean social capital exp,Var social capital exp, Mean SWB before intervention,Var SWB before intervention,Mean SWB after intervention, Var SWB after intervention,System behaviour,Percent changed positive,Percent changed negative,Percent not changed,System changed
0,1.025426246225834,5.025139320641756,0.13878267351537943,0.04449957050383091,4.795041372999549,0.8183224014937878,1.2884692922234535,2.080876264721155,24.57475571986288,1.1474477462470531,0.29735169745981693,0.38957618329674004,2.3907059812918305,6.502027437090874,5.051331501450461,0.8392157190727914,5.2322556722493045,5.451558115894853,5.20203943173814,2.9484086297539216,1.0397350993377483,0.23683171790710933,12.630644929581303,39.753366806157494,1.0950698694981567,0.1774332367449045,1.0441385501717697,0.18664683462244458,5.535132048166866,8.367041558005731,465735256.7389037,8.436250384524154e+20,23499553.53958601,1.7596067604151224e+18,12379.11940450279,274386306132.11383,1792.4849371704722,5727343191.181683,0.9763589468724192,0.5095600749428124,1.1107044306696163,0.3133344487372531,3.0776220680796564,7.298632877828704,3.212869840564749,5.476598442002732,0.22330012230706844,0.006681366527689989,0.21636409895384778,0.005332902132259265,5.185928538978071,4.658259855262134,5.26693519064962,6.741543781992854,0.0,0.31,0.11,0.58,1.0
1,1.025426246225834,5.025139320641756,0.13878267351537943,0.04449957050383091,4.795041372999549,0.8183224014937878,1.2884692922234535,2.080876264721155,24.57475571986288,1.1474477462470531,0.29735169745981693,0.6125468142330647,1.7046850614715368,6.502027437090874,5.051331501450461,0.8392157190727914,5.208188925005665,5.18114755717041,5.191502107412257,2.849299174138487,1.0397350993377483,0.23683171790710933,12.340767138021777,41.90304552645635,1.12287259442182,0.1967724796254515,1.0444308448641617,0.17613969724742404,5.0382949646009685,8.472347237864396,507833.83975111996,533110995644617.56,76286.1341140744,1796242871364.7112,389.89942278047903,37293743.56387849,235.05230607549206,2155623.0832819166,0.9929630496690155,0.5330002204931507,1.1161965288567746,0.3655681516543418,3.4033164308925037,7.640064553781993,3.5075332875464853,5.460681177660306,0.18389436209290597,0.004736660836587307,0.17976364486381127,0.0032759308453191153,5.14147085335318,4.3742739749337165,5.280656615077807,6.86378007145454,0.0,0.34,0.1,0.56,1.0
2,1.025426246225834,5.025139320641756,0.13878267351537943,0.04449957050383091,4.795041372999549,0.8183224014937878,1.2884692922234535,2.080876264721155,24.57475571986288,1.1474477462470531,0.29735169745981693,0.6125468142330647,2.3907059812918305,0.24949603714048862,5.051331501450461,0.8392157190727914,5.244530764738584,4.722598971052311,5.207180664432316,2.695005220366921,1.0397350993377483,0.23683171790710933,11.628057178310549,52.50091171968514,1.0790815408862866,0.178935408568915,1.0950557778041534,0.19128192254881476,4.752231795203282,7.670753912255271,838902705.7515426,2.604963039398629e+21,52235479.84072666,1.1700798631709307e+19,183.05896066322015,877327.6066275288,150.1446704068363,341593.2232210192,0.9840755138932783,0.5201909401140128,1.071214338407064,0.2234439288979326,3.535376577215343,7.3011211087114285,3.623775770244976,5.2685001351799485,0.19063890476345693,0.0043574466055838765,0.18695430313376857,0.0031710019590189984,5.136705199153591,4.033676310337427,5.352547468163538,6.295670424245523,0.0,0.36,0.09,0.55,1.0
3,1.025426246225834,5.025139320641756,0.13878267351537943,0.04449957050383091,4.795041372999549,0.8183224014937878,1.2884692922234535,2.080876264721155,24.57475571986288,1.1474477462470531,0.29735169745981693,0.6125468142330647,2.3907059812918305,6.502027437090874,5.051331501450461,0.8392157190727914,5.267494598235729,5.167501086564519,5.236625545300795,2.7899456814648227,1.0397350993377483,0.23683171790710933,12.464341564992283,48.967655648636374,1.0396138879160945,0.1544225983804221,1.0973009398916596,0.21217343719343518,4.827197196757579,7.923901547531498,789963.0313838037,589495140409772.9,155880.66681602004,12647257672896.277,262.9649128491486,2053421.3209540162,228.36832500358176,1206627.6836564213,0.984105872140959,0.5212568501047862,1.0728325099671148,0.2719837630577595,3.4379401915757195,7.04377788781302,3.5463342292069413,4.943380740787205,0.20453192146744303,0.005474371221263401,0.1988858316226584,0.004174474300467659,5.201272501514516,4.556777832590565,5.387865025814987,6.485852432950428,0.0,0.32,0.06,0.62,1.0
4,1.025426246225834,5.025139320641756,0.13878267351537943,0.04449957050383091,1.2732655135914683,0.8183224014937878,1.2884692922234535,2.080876264721155,24.57475571986288,1.1474477462470531,0.29735169745981693,0.6125468142330647,2.3907059812918305,6.502027437090874,5.051331501450461,0.8392157190727914,5.269593755149571,4.9453386021052985,5.23082555193509,2.6894114784004253,1.0397350993377483,0.23683171790710933,11.632040685381257,46.446198922871496,1.0653820659497177,0.19255370625331322,1.1021180046785908,0.17385729267612252,4.84880657989055,7.048620406467836,1060520.4319872274,753313368348116.0,248029.94116567814,31029388729157.535,213.7446317433212,765181.5623428267,179.7331715514136,358106.1961832179,1.003002066745822,0.5480313502396872,1.0329541908297257,0.1847790875034423,3.4162119926833627,7.065724991228714,3.51503115801325,4.945828323607537,0.20792080696584567,0.005430914998113654,0.20130927623327066,0.004084411100045805,5.210750365541466,4.226354117867144,5.306490935144979,6.291505548919664,0.0,0.33,0.09,0.58,1.0
5,1.025426246225834,5.025139320641756,0.13878267351537943,0.04449957050383091,4.795041372999549,0.3466622792184353,1.2884692922234535,2.080876264721155,24.57475571986288,1.1474477462470531,0.29735169745981693,0.6125468142330647,2.3907059812918305,6.502027437090874,5.051331501450461,0.8392157190727914,5.226581338317302,4.908197467093618,5.1997728264356935,2.7751968697475844,1.0397350993377483,0.23683171790710933,11.29160612507287,53.94522502478455,1.1047910533032046,0.17115684625180963,1.0964351572312838,0.1883742955835574,4.977366690667081,9.528609628509834,6784445319.715791,2.6031155067141574e+23,240726428.51680133,2.96258939710728e+20,2996.4366154083,6959972818.469355,1295.8545847769547,1236262980.2810047,0.9771150594043811,0.5283421663640087,1.0812950837222275,0.3148870119202966,3.348597901794178,7.769013160343201,3.4452318976653378,5.719166053038388,0.17679465261236454,0.003195586182858668,0.17527437717567143,0.0026351945737396357,5.14949789725771,4.238769178327936,5.31959689850913,6.179627359773738,0.0,0.4,0.06,0.54,1.0
6,1.025426246225834,5.025139320641756,0.13878267351537943,0.04449957050383091,4.795041372999549,0.8183224014937878,1.5208040000870824,2.080876264721155,24.57475571986288,1.1474477462470531,0.29735169745981693,0.6125468142330647,2.3907059812918305,6.502027437090874,5.051331501450461,0.8392157190727914,5.385982932735274,5.762128293903641,5.346017976275296,3.18302499214587,1.0397350993377483,0.23683171790710933,12.301663666241058,43.90943166817851,1.0665792431846342,0.19641286719607642,1.0957807668642225,0.18435456206717354,5.024014767651672,7.7796248994489945,495035802.4057423,3.346272861852251e+20,92210035.96884686,1.0659279352738181e+19,641.778780740854,45287437.04063825,560.3426019477415,31204325.795987565,1.10025939030566,0.7583130020958366,1.099427991017328,0.2894837674463795,3.3470794923844043,6.980376832665914,3.4265293642858747,4.828997722671269,0.20737889899774248,0.005452788619571507,0.20278083614848766,0.004161831422073838,5.198411900864607,4.6343450505070285,5.844074214603647,7.944848254332018,0.0,0.48,0.07,0.45,1.0
7,1.025426246225834,5.025139320641756,0.13878267351537943,0.04449957050383091,4.795041372999549,0.8183224014937878,1.2884692922234535,35.267032193019986,24.57475571986288,1.1474477462470531,0.29735169745981693,0.6125468142330647,2.3907059812918305,6.502027437090874,5.051331501450461,0.8392157190727914,5.16406340165561,6.005260145247642,5.151896064379398,3.1562497090694372,1.0397350993377483,0.23683171790710933,12.42762356360611,49.763800275390786,0.9973733765160646,0.20851483022546363,1.0769139956357492,0.181039928735442,4.811301708502203,7.278140276562722,1519589.5280065574,3664727899906436.0,386969.1937918821,37938498838255.71,24849.480943812043,1420582109519.6646,2816.144293986645,20066725457.71285,1.2010466201927277,0.782962302966449,1.0689331004306635,0.31741653490010435,3.443887465605463,7.483043546469484,3.5629661092533507,5.282990987570687,0.20646728719538274,0.005962962506713976,0.20120077129811265,0.004737348157104032,5.154212330077427,4.4028906053188015,5.098370502458026,9.926368330897512,0.0,0.14,0.22,0.64,0.0
8,1.025426246225834,5.025139320641756,0.13878267351537943,0.04449957050383091,4.795041372999549,0.8183224014937878,1.2884692922234535,2.080876264721155,37.629619169048965,1.1474477462470531,0.29735169745981693,0.6125468142330647,2.3907059812918305,6.502027437090874,5.051331501450461,0.8392157190727914,5.205763923912646,5.688763075415486,5.201733806778864,2.990932871474116,1.0397350993377483,0.23683171790710933,16.801511920295116,126.99520775411914,1.013006888365597,0.11837088561606024,1.0222945915786712,0.15708906633772046,5.402596113337142,9.412159542965874,109573617.56387404,7.695838757552286e+18,41555334.4086751,3.95044432980685e+17,445.98220631647126,33008805.279742744,299.0924623010404,1497388.2797262315,0.9473687438338078,0.4430174746309915,1.102962834655946,0.35890528909399855,3.146632619867508,7.5052198455889325,3.337468287429313,5.47505332151515,0.22799570085864043,0.00707294586160682,0.21929200382043754,0.0050957077632110635,5.210710039800621,5.182616865546258,5.426853483297555,6.738320169905743,0.0,0.39,0.09,0.52,1.0
9,1.025426246225834,5.025139320641756,0.13878267351537943,0.04449957050383091,4.795041372999549,0.8183224014937878,1.2884692922234535,2.080876264721155,24.57475571986288,0.11448699608445168,0.29735169745981693,0.6125468142330647,2.3907059812918305,6.502027437090874,5.051331501450461,0.8392157190727914,5.2959030187501925,1.515232046862966,5.2487286869674,1.2715705140800642,1.0397350993377483,0.23683171790710933,11.549222635537388,50.37858772206075,1.0325044757691355,0.1691945805297019,1.051765005100665,0.1688290960899248,5.287744471251714,8.042124475337811,2082.4152891765807,49485065.68963374,930.2417530780566,9375313.06273397,69.64666276999253,11123.031181942544,64.31441068443664,6579.417294002606,0.9628164218779861,0.4984863319148047,1.0828001668975344,0.3170707301943505,4.94420087163009,7.106500296726189,4.963489392891687,7.0011104553456045,0.16579770824216863,0.003594138504057879,0.15995078247829211,0.0027490478290455493,5.072551027568652,0.9199119502914568,5.707238741229994,2.696288932348418,0.0,0.85,0.0,0.15,1.0
10,1.025426246225834,5.025139320641756,0.13878267351537943,0.04449957050383091,4.795041372999549,0.8183224014937878,1.2884692922234535,2.080876264721155,24.57475571986288,1.1474477462470531,1.0186256803572178,0.6125468142330647,2.3907059812918305,6.502027437090874,5.051331501450461,0.8392157190727914,5.25371724353889,7.417208668244209,5.230559806588934,3.7812670805099082,1.0397350993377483,0.23683171790710933,11.418276139777042,44.86882498765352,1.0645150968758035,0.198331552273019,1.107738687532464,0.19253228174897305,5.4667307201120865,8.826478385308574,2704238.712962114,2919244646418777.0,1426575.9181279377,536641417652089.8,10443.297794267164,58606072798.74987,8707.493925105051,16547778312.302805,1.0135825082947503,0.5443228424499141,1.1177872400631863,0.4676870870940799,3.166433216899113,7.325178683054673,3.2753844419495595,5.24888127684367,0.205936748324889,0.0066810032955410825,0.20127921353088635,0.004874235767330683,5.198014296314834,6.549650473579719,5.3056308248980715,9.33079600487775,0.0,0.29,0.1,0.61,1.0
11,1.764642683789134,9.426388163119555,0.6500323889777064,0.8121483996510506,3.336622859351337,0.9751826068386436,1.1045110528357327,19.14447358623147,14.866768485866487,1.4570084661245346,0.5751251000910997,0.9416956130508334,3.494831378106028,6.109295701608062,5.051331501450461,0.8392157190727914,5.2605135904174976,6.829993145689976,5.253119181574483,3.587540075971947,1.0397350993377483,0.23683171790710933,7.136532689330597,18.01475895191444,1.0715802364524005,0.1580944074102418,1.0541359245782032,0.1616799256649308,4.431103114115852,9.050240919226818,39782.331571932766,551910506944.0504,30779.140993365952,177378608968.46518,10059.731779048814,104688758021.74942,9068.9263941361,62293618129.39153,1.2892351972924214,1.000237783759683,1.2496599527343162,0.849842013978308,3.6927760916616976,7.297184338132758,3.7552564602029173,5.265303200345646,0.18069718604659132,0.004556883115190627,0.1782733209576113,0.003649175325471213,5.2246612160560595,4.644856619839353,5.254378098726933,11.504181640918382,0.0,0.03,0.06,0.91,0.0
12,0.00010563433170318604,9.426388163119555,0.6500323889777064,0.8121483996510506,3.336622859351337,0.9751826068386436,1.1045110528357327,19.14447358623147,14.866768485866487,1.4570084661245346,0.5751251000910997,0.9416956130508334,3.494831378106028,6.109295701608062,5.051331501450461,0.8392157190727914,5.2260877893525475,6.56586393109746,5.221150180116638,3.5611301493315874,1.0397350993377483,0.23683171790710933,6.53338449712575,16.030397687423022,1.062355394048011,0.17261969875815997,1.074779213488622,0.20665865556462631,4.9327602897255876,9.42400453268292,145924.01027940903,18630046950071.957,69429.53965729878,3323073605350.4785,27184.0207383832,3130118870671.949,2599.4376551282426,26903301605.343098,1.3143630615360171,1.0260216740353145,1.2390180998879787,0.8651367229678293,3.074936564138852,6.9290431939940405,3.158780594559392,5.674353709014363,0.626755031854179,0.017600255886975273,0.6164725729640043,0.01328613603409069,5.174461700904454,4.443333319386027,5.227891731136731,11.00148859313256,0.0,0.02,0.1,0.88,0.0
13,1.764642683789134,15.958033595234156,0.6500323889777064,0.8121483996510506,3.336622859351337,0.9751826068386436,1.1045110528357327,19.14447358623147,14.866768485866487,1.4570084661245346,0.5751251000910997,0.9416956130508334,3.494831378106028,6.109295701608062,5.051331501450461,0.8392157190727914,5.223695110165331,6.936179538648842,5.220897645038577,3.711719723260017,1.0397350993377483,0.23683171790710933,7.4173630189574284,16.434813852277106,1.0815844635677674,0.19266684862035685,1.0052975036796008,0.1680263302673988,4.947815610231184,6.729048282547042,46704.71344929119,615807308184.6235,34817.318332633455,196873191573.14865,433.97445418837367,20756088.08196657,305.78165917597426,2721528.6801136355,1.287937218314315,1.0183241037478596,1.3050603075024982,0.9635382894553066,3.337872442031163,6.459534585108517,3.4163440590176672,4.837684297473546,0.27940528671946724,0.007290865031960996,0.275191434458056,0.005563122944542274,5.1960930694331005,4.577191075476155,5.25182141213145,12.037436055823518,0.0,0.01,0.1,0.89,0.0
14,1.764642683789134,9.426388163119555,0.798505961894989,0.8121483996510506,3.336622859351337,0.9751826068386436,1.1045110528357327,19.14447358623147,14.866768485866487,1.4570084661245346,0.5751251000910997,0.9416956130508334,3.494831378106028,6.109295701608062,5.051331501450461,0.8392157190727914,5.282019646660679,6.985011317478668,5.253400803303191,3.6449116598454436,1.0397350993377483,0.23683171790710933,7.311814944474212,17.10646929396764,1.1715963458653929,0.1713511959190129,1.1008187432667524,0.21143114232602203,5.0281565474145795,9.346859054322277,426916.95550166676,261435895650313.8,415393.16883686854,119585165549240.27,3840.342306874342,34887603578.24363,2523.777547762687,18134526856.17598,1.3100503321406969,1.0436319362856892,1.2901878182050475,0.9401386776247249,3.4597766770221297,7.649797798425322,3.5205812599268507,5.651608369200944,0.18971725286418875,0.00527610528080165,0.18623329270162972,0.004253908215470173,5.211645096323588,4.542035719378935,5.299497490073253,12.260828004813357,0.0,0.04,0.08,0.88,1.0
15,1.764642683789134,9.426388163119555,0.6500323889777064,0.9324882021173835,3.336622859351337,0.9751826068386436,1.1045110528357327,19.14447358623147,14.866768485866487,1.4570084661245346,0.5751251000910997,0.9416956130508334,3.494831378106028,6.109295701608062,5.051331501450461,0.8392157190727914,5.221584096968187,6.4861119508393985,5.208752876558743,3.441401071290688,1.0397350993377483,0.23683171790710933,6.540557107539606,15.050980612826287,0.9971683521325275,0.17253804947187762,1.0600300942675052,0.1958941114088604,4.763207616425731,8.660044064675171,9273.707191306305,26783255954.946415,6121.955173808236,6099925153.459506,191687.6798233594,35610817773263.92,161790.7244464373,23307057372288.977,1.3222192436134794,1.051298844195701,1.213491159447546,0.8359003006528689,3.6375830373440405,7.474766013564463,3.691053367726251,5.49492711883481,0.18239387382477132,0.004407793138070688,0.17948371432355176,0.0035789783702828604,5.153412691622428,4.18965423678526,5.27681173263392,11.341546941445438,0.0,0.07,0.04,0.89,1.0
16,1.764642683789134,9.426388163119555,0.6500323889777064,0.8121483996510506,1.690684794448316,0.9751826068386436,1.1045110528357327,19.14447358623147,14.866768485866487,1.4570084661245346,0.5751251000910997,0.9416956130508334,3.494831378106028,6.109295701608062,5.051331501450461,0.8392157190727914,5.265883554844307,7.291629929639322,5.256615330021268,3.7508837887951807,1.0397350993377483,0.23683171790710933,7.753224605962385,15.657249664036758,1.0236803728202664,0.1539101560899401,1.0471701162278908,0.1760363044628682,5.041971833902735,8.119547641650888,43317.20383181315,1044337160179.5565,31403.513627617802,289306128030.67413,609.9339967215728,62598606.34308232,544.4398801423624,36632023.28176462,1.315733837332423,1.05261172174644,1.2156566827529875,0.8217595943972543,3.564610213431944,7.65592630310628,3.6372388168356107,5.465702009082846,0.144235157437865,0.00331475549549218,0.14319612154271277,0.002399837069864773,5.208493099913455,4.940837611604826,5.2649138144434975,12.257800007413444,0.0,0.02,0.06,0.92,0.0
17,1.764642683789134,9.426388163119555,0.6500323889777064,0.8121483996510506,3.336622859351337,0.24330943264067173,1.1045110528357327,19.14447358623147,14.866768485866487,1.4570084661245346,0.5751251000910997,0.9416956130508334,3.494831378106028,6.109295701608062,5.051331501450461,0.8392157190727914,5.269760063629491,6.901694555747567,5.24687543251256,3.653185116360674,1.0397350993377483,0.23683171790710933,7.098013143940406,15.839322799040998,1.073965223420203,0.20128782367272985,1.1391314782178397,0.17736249777567678,5.078354700370609,8.151126449194015,127703.68639377599,5698789713080.421,65739.8279093054,1087365629596.1881,2512.1466121482053,4918703314.241724,1061.9793893148376,525560049.50511914,1.3472911577885807,1.074011508662414,1.2284301982078636,0.8317768374069494,3.511818507773214,7.780172837393407,3.5912445839525287,5.788539439363647,0.15981750133816183,0.0030609404896849916,0.15840805839809158,0.00265853656565883,5.193479969500698,4.658356936091508,5.287836666588342,11.805255414800332,0.0,0.04,0.03,0.93,1.0
18,1.764642683789134,9.426388163119555,0.6500323889777064,0.8121483996510506,3.336622859351337,0.9751826068386436,0.5385534116066992,19.14447358623147,14.866768485866487,1.4570084661245346,0.5751251000910997,0.9416956130508334,3.494831378106028,6.109295701608062,5.051331501450461,0.8392157190727914,5.25405311986721,6.806987293858703,5.238928391623029,3.545076906349228,1.0397350993377483,0.23683171790710933,7.067313859325457,16.642387054900105,1.1307128819328698,0.20061036628334988,1.0778128110394674,0.1829563914434791,4.899633407138472,8.561615898164128,61099.38242523024,3359516565591.9307,33509.835588646536,816063487391.904,128639.99930065009,48582579546357.5,104535.47097355628,40685820634353.28,1.3038463887164253,1.0361699102316333,1.2791839334420756,0.9428833772672559,3.5251846768946007,7.402820922506986,3.587428457841734,5.509839353008897,0.1775461294444644,0.004122636863050443,0.17422901044650033,0.0031484478411375723,5.192980513814262,4.544053567030454,5.251957278923207,12.045768436887318,0.0,0.06,0.08,0.86,0.0
19,1.764642683789134,9.426388163119555,0.6500323889777064,0.8121483996510506,3.336622859351337,0.9751826068386436,1.1045110528357327,36.7063448978588,14.866768485866487,1.4570084661245346,0.5751251000910997,0.9416956130508334,3.494831378106028,6.109295701608062,5.051331501450461,0.8392157190727914,5.259289549368039,6.638606641234256,5.2384340868664125,3.537999488462329,1.0397350993377483,0.23683171790710933,6.7381100989956195,16.57023300544963,1.023548161417394,0.13902676144808365,1.0972366655977364,0.14570984877269705,5.068127154480468,8.56251029381249,3453546.8391396035,2.500332342777906e+16,2844495.0577464197,8965628684642179.0,62110.36228806751,3421023393857.3564,50684.24946194973,2073804411149.0872,1.343830440711207,1.0835355689854154,1.176467967922557,0.7756744637004793,3.5884221934062768,7.59258062241663,3.651217482815536,5.538869304108756,0.1727416871807421,0.0040776800115531996,0.17061941308382614,0.0032069731773067627,5.194372527079558,4.407373153683817,5.2275890922872685,11.647610859392357,0.0,0.02,0.09,0.89,0.0
20,1.764642683789134,9.426388163119555,0.6500323889777064,0.8121483996510506,3.336622859351337,0.9751826068386436,1.1045110528357327,19.14447358623147,32.230487536638975,1.4570084661245346,0.5751251000910997,0.9416956130508334,3.494831378106028,6.109295701608062,5.051331501450461,0.8392157190727914,5.335063774031151,9.828512394000452,5.297404425956398,4.2073585634713675,1.0397350993377483,0.23683171790710933,17.616840158066033,84.81850125618719,1.1163690722112596,0.222086713072336,1.0696940360738671,0.20245262111767598,5.216055181178164,8.707058963472974,15271217545.560823,8.583876315536744e+22,2808028084.6085277,1.5409463220809048e+21,255982.7428468859,14329189751162.283,63913.629276998654,1304905333884.0972,1.310916540759761,1.0913951797671886,1.3063907668562804,0.9985189716784186,3.2713549230242127,7.471566711180652,3.4062802202919644,4.645316836293256,0.18215298681760467,0.00814973951678107,0.17884831470956603,0.0048681234084179325,5.382577906828501,7.345422763461949,5.17064753616163,15.242842301959806,0.0,0.06,0.29,0.65,-1.0
21,1.764642683789134,9.426388163119555,0.6500323889777064,0.8121483996510506,3.336622859351337,0.9751826068386436,1.1045110528357327,19.14447358623147,14.866768485866487,0.46524319238960743,0.5751251000910997,0.9416956130508334,3.494831378106028,6.109295701608062,5.051331501450461,0.8392157190727914,5.083842028172242,3.292784555672798,5.077148379458645,2.0146365809008957,1.0397350993377483,0.23683171790710933,6.755731258729401,13.536133369971857,1.1267699704066625,0.19432774561433225,1.0866125715544344,0.19334560102151985,4.826395856170946,8.63704762047528,225.82935588999993,10879559.06470671,158.2806352519564,1468513.0034909018,364.9828003471459,14685363.005451404,252.25073578329935,5628408.6157508055,1.1782390708756492,0.7770377858749299,1.2930142231562312,0.9519817097729886,4.371995480092238,6.869158404345716,4.4170149859711385,5.415571347868353,0.16875385827582567,0.004116189415527384,0.16664330434792893,0.003492459578747142,5.070693366444113,1.6618389965217288,5.111348801029662,7.1333297768871615,0.0,0.02,0.13,0.85,1.0
22,1.764642683789134,9.426388163119555,0.6500323889777064,0.8121483996510506,3.336622859351337,0.9751826068386436,1.1045110528357327,19.14447358623147,14.866768485866487,1.4570084661245346,1.9729614462703466,0.9416956130508334,3.494831378106028,6.109295701608062,5.051331501450461,0.8392157190727914,5.394459866968765,9.801514776277413,5.384922090247143,4.92993929793955,1.0397350993377483,0.23683171790710933,6.97916165346888,16.278454260854783,1.0822655934694099,0.1683122622828104,1.092576442176859,0.17836168851083353,4.887275349535072,8.963224393253666,37364.570329014685,1484440566275.6138,28993.87618258105,514261125240.8037,7801176.824410349,1.7599385035475254e+17,6453023.080619571,4.671397049722246e+16,1.3620946530915317,1.1314853129483762,1.3749457983823272,1.1726987378910696,3.492249690978971,7.545076064995544,3.5482152469105053,5.311804045579074,0.1985397154712254,0.0074397733952694745,0.19592079233817916,0.006152910680971376,5.34557073353882,6.944137316335656,5.331724649548408,15.738033209758212,0.0,0.02,0.03,0.95,0.0
23,1.764642683789134,9.426388163119555,0.6500323889777064,0.8121483996510506,3.336622859351337,0.9751826068386436,1.1045110528357327,19.14447358623147,14.866768485866487,1.4570084661245346,0.5751251000910997,0.19256294978782534,3.494831378106028,6.109295701608062,5.051331501450461,0.8392157190727914,5.239883514766923,6.814024149673498,5.238584793141998,3.576850446208756,1.0397350993377483,0.23683171790710933,7.024376216595281,13.97360973783467,1.0193595407822391,0.1495305693398605,1.075006186030039,0.1672660894582012,4.482799144790136,7.754860328677219,16878.074954161304,73342299595.89613,12571.561848007828,25614513470.880814,436.5458891224183,25348173.343821697,365.15576752106136,14577191.245355453,1.3244662796264206,1.0699686898425655,1.221214426580854,0.8113688550244876,3.620779308821981,7.17353257352121,3.683930476324405,5.220917816373396,0.19888096586030002,0.005096645041864179,0.19571337117295629,0.004055822097915478,5.180952205239719,4.364649211430717,5.271708184991057,11.763164515576811,0.0,0.03,0.1,0.87,0.0
24,1.764642683789134,9.426388163119555,0.6500323889777064,0.8121483996510506,3.336622859351337,0.9751826068386436,1.1045110528357327,19.14447358623147,14.866768485866487,1.4570084661245346,0.5751251000910997,0.9416956130508334,1.738721853820607,6.109295701608062,5.051331501450461,0.8392157190727914,5.243700283020251,6.819674258015716,5.228113505553717,3.6516027675937703,1.0397350993377483,0.23683171790710933,7.050160115855994,17.496352977879408,1.0650836032840756,0.1785321612475097,1.00870508329014,0.18144585924527887,5.110915876650614,7.020388958706252,32263.906876834993,675442956906.3976,10241.012636192701,35272939774.688,3102.01658158135,23140960527.961876,2920.4197124898437,23011791350.330685,1.2881515254697073,1.0194530476775603,1.2792489936352496,0.9257127107485568,3.47979162974707,7.219928309787231,3.5363521162572775,5.229320917936672,0.16736426658542986,0.00392387955141993,0.1663494264082068,0.0030173521769900962,5.194628959616627,4.443566502425917,5.249749381076749,11.55309789034536,0.0,0.01,0.1,0.89,1.0
25,0.19712202437222004,17.31861127540469,0.43495837040245533,0.3014120701700449,1.2732655135914683,0.3466622792184353,1.5208040000870824,35.267032193019986,37.629619169048965,0.11448699608445168,1.0186256803572178,0.6125468142330647,1.7046850614715368,0.24949603714048862,5.051331501450461,0.8392157190727914,5.468553950002197,5.101851780984836,5.306610693094376,2.338488316885821,1.0397350993377483,0.23683171790710933,20.209546431297454,112.94546317037725,1.0589171481378563,0.18930661560147857,1.1124509909227618,0.1937756435954083,5.03053418897686,7.867374675347767,110.58326393083594,59304.81712957988,80.39795483737993,13062.002199383163,85041063.31744517,5.002220423288285e+18,15154957.699243238,5.115650747581206e+16,1.249288076214606,0.843101071233775,1.2760812855614574,0.9439339629423885,3.973612592017137,7.132331137008742,4.110194418735474,6.622738921499708,0.6088206636531839,0.021120407859279277,0.5807414931943647,0.01899614579230588,5.170742173914734,2.553456789717653,5.327885914436154,10.060003887705825,0.0,0.14,0.2,0.66,0.0
26,0.19712202437222004,17.31861127540469,0.43495837040245533,0.3014120701700449,1.2732655135914683,0.3466622792184353,1.5208040000870824,35.267032193019986,37.629619169048965,0.11448699608445168,1.0186256803572178,0.38957618329674004,2.3907059812918305,0.24949603714048862,5.051331501450461,0.8392157190727914,5.346244194098246,4.673446851193943,5.239250630706605,2.208502406019364,1.0397350993377483,0.23683171790710933,17.554277516776143,116.99517898739148,1.0964148743360957,0.20046740125214968,0.9659107927422242,0.1585185757492726,4.824387857061406,8.810366006719137,102.95537195523455,266265.53104905615,84.57563741484704,203201.39763881257,14294962.188060028,2.6816258594537382e+17,2765724.7484164275,2653247060122753.5,1.1424045622641321,0.625558090100219,1.2824381986324116,0.9535758021104292,4.1388357759336865,7.712828869942881,4.2490884189539235,7.2348331629541915,0.6087495700636232,0.021770442903393503,0.5827279960571873,0.018696758220016124,5.127910688019703,2.48033823168998,5.261841181781316,9.277110847778836,0.0,0.18,0.29,0.53,1.0
27,0.19712202437222004,17.31861127540469,0.43495837040245533,0.3014120701700449,1.2732655135914683,0.3466622792184353,1.5208040000870824,35.267032193019986,37.629619169048965,0.11448699608445168,1.0186256803572178,0.38957618329674004,1.7046850614715368,6.502027437090874,5.051331501450461,0.8392157190727914,5.381078700974491,4.672187017070429,5.254981463731183,2.189119056727874,1.0397350993377483,0.23683171790710933,18.637392777897187,112.20250275752706,1.0631275310648372,0.16898347767711816,1.1425133200748336,0.18037374023552602,4.7370194818317835,9.416591861221839,98.47467163283675,32805.67219503886,76.45759364879619,8566.718205648516,135821471.0010681,2.803401615961019e+19,14429825.498167928,2.2655019965035392e+17,1.2218024184734253,0.8031141704157251,1.187634696509971,0.7634738033000598,3.944956942976551,7.540573678052057,4.06395656750001,6.967252233104949,0.6041318737112831,0.02003815697163037,0.5781058401643256,0.018427808309567965,5.113898260868388,2.4751209283259525,5.331074493857509,9.030860027210894,0.0,0.19,0.14,0.67,1.0
28,0.19712202437222004,5.025139320641756,0.13878267351537943,0.04449957050383091,4.795041372999549,0.8183224014937878,1.2884692922234535,2.080876264721155,24.57475571986288,1.1474477462470531,0.29735169745981693,0.6125468142330647,2.3907059812918305,6.502027437090874,5.051331501450461,0.8392157190727914,5.182558171288925,4.553231158389912,5.179305798778588,2.5777974776371724,1.0397350993377483,0.23683171790710933,10.81215062921691,47.63703743072854,1.1399856550272598,0.19206276558173296,1.0309706228702629,0.18962066585039838,5.16681191168899,7.707171462726527,12891781.497450942,2.792996094662593e+17,8297253.223582767,6.42539026487117e+16,211.66856949047062,2275844.067180651,172.52563106151987,976850.0296937233,0.95480208506958,0.4807003482736472,1.1087006322308124,0.3327093924033968,2.893464567090112,6.1561605752751385,3.0289471882090213,5.003584946895355,0.552418586078722,0.015840507044501052,0.5383769793319809,0.012525165310517165,5.104774200606474,3.9067698771574797,5.2603729812599855,6.313268464114698,0.0,0.51,0.09,0.4,1.0
29,1.025426246225834,17.31861127540469,0.13878267351537943,0.04449957050383091,4.795041372999549,0.8183224014937878,1.2884692922234535,2.080876264721155,24.57475571986288,1.1474477462470531,0.29735169745981693,0.6125468142330647,2.3907059812918305,6.502027437090874,5.051331501450461,0.8392157190727914,5.245027800761408,5.083987552738735,5.231980477093758,2.792250146498674,1.0397350993377483,0.23683171790710933,12.416477777355459,45.705621809138286,1.1141801269677307,0.17264972991474792,1.0234832228972315,0.1887247661898944,5.298922994310673,7.073096883559536,59252363.93998356,6.796000424561884e+18,9153939.911476394,1.401267456103818e+17,762.5078306176274,139957154.50688952,732.135880080852,99011348.60627395,0.9802816122992973,0.507308596657395,1.077036415759291,0.27114486227372586,2.867627579992296,6.136886526113981,3.011702499332792,5.016235526769699,0.44011547045007826,0.012085564656344914,0.43023826892395284,0.010396682478486022,5.143902118918418,4.452662770098808,5.405924519368488,6.538992495448522,0.0,0.49,0.11,0.4,1.0
30,1.025426246225834,5.025139320641756,0.43495837040245533,0.04449957050383091,4.795041372999549,0.8183224014937878,1.2884692922234535,2.080876264721155,24.57475571986288,1.1474477462470531,0.29735169745981693,0.6125468142330647,2.3907059812918305,6.502027437090874,5.051331501450461,0.8392157190727914,5.303581331362642,5.462843439517086,5.264253632106042,2.8702693164711177,1.0397350993377483,0.23683171790710933,11.237947664161485,48.44986887951862,1.0970126347257745,0.17834384822430902,1.1989949998966598,0.2061431573197437,4.916042409707688,8.805639910837737,170573102.1781643,3.94016255311765e+19,31132306.658142556,1.7787723699220974e+18,321.79666549629485,3765379.4075415763,244.81408099555904,1353981.6698895777,1.1572921094556687,0.8238699079740058,1.06738576948597,0.2773083423535908,3.4975775723195635,7.587078891235348,3.5725374161190206,5.34555661696585,0.19014631913398006,0.004606160452902208,0.18554877967851224,0.003321361297171281,5.165589705476713,4.257702908268919,5.475953899701034,7.672478378039772,0.0,0.43,0.06,0.51,1.0
31,1.025426246225834,5.025139320641756,0.13878267351537943,0.3014120701700449,4.795041372999549,0.8183224014937878,1.2884692922234535,2.080876264721155,24.57475571986288,1.1474477462470531,0.29735169745981693,0.6125468142330647,2.3907059812918305,6.502027437090874,5.051331501450461,0.8392157190727914,5.208343762527351,5.364343339771753,5.193172208686169,2.865001065248748,1.0397350993377483,0.23683171790710933,11.799705273281123,46.49796686378481,1.0844476842081952,0.16831121824020576,1.1337577336735751,0.21210671179061769,4.84393398379564,9.92528593087443,22992766.65681663,4.017340373292576e+17,3386205.9781703735,1.2065574478288266e+16,330.41083133523665,11823048.757053096,215.51282898605126,2115115.5615779934,1.0652418812693873,0.6781454768959715,1.1420558931481863,0.6621970683046032,3.4131596737509073,7.586360569773093,3.5118901653359402,5.495358285970283,0.20116727980958482,0.005002154746176343,0.19673527339062583,0.0037776577171506915,5.156360968486146,4.296346285750809,5.328069136895266,7.470573563706558,0.0,0.35,0.12,0.53,1.0
32,1.764642683789134,9.426388163119555,0.6500323889777064,0.8121483996510506,3.336622859351337,0.9751826068386436,1.1045110528357327,19.14447358623147,14.866768485866487,1.4570084661245346,0.5751251000910997,0.9416956130508334,3.494831378106028,4.629860743880272,5.051331501450461,0.8392157190727914,5.2576994056516035,6.971618109482752,5.249041640531604,3.611402559780121,1.0397350993377483,0.23683171790710933,6.999135294927364,15.00183731453732,1.1083374005762092,0.20025313837928424,1.065720441277356,0.18903971162158092,4.905110740886908,8.2024177761229,25485.344680127713,263225777728.8064,16267.667247227439,68973662838.06416,630.5192012035108,45257966.62262616,481.96966829653553,22691761.841067713,1.2795517959962832,1.0078273589689075,1.2896277471680666,0.964333066189032,3.523856648421676,7.411766789496392,3.5968115682401303,5.481520931743826,0.18036206570492627,0.00439121206086991,0.17758311137820554,0.003411711417761296,5.199722843784248,4.665332929711576,5.239785455688446,11.997127451882095,0.0,0.02,0.08,0.9,0.0
33,1.764642683789134,15.958033595234156,0.798505961894989,0.9324882021173835,1.690684794448316,0.24330943264067173,0.5385534116066992,36.7063448978588,32.230487536638975,0.46524319238960743,1.9729614462703466,0.19256294978782534,1.738721853820607,4.629860743880272,5.051331501450461,0.8392157190727914,5.249928523934028,9.762427373806986,5.26598009118112,4.355635659993636,1.0397350993377483,0.23683171790710933,15.254775716795942,74.24507265872461,1.0619105898467887,0.1807556791974313,1.0541883042965532,0.1958515487309112,5.155717132394717,8.92876454561259,11012.71106364393,37573352357.65403,3925.2214624512158,4184282715.0558753,4250470876568.659,3.734239774671313e+28,539692176926.4324,2.9361800401037223e+26,1.2541347430206635,0.9055212575998957,1.3674418917825262,1.2049970785160813,3.2677276135414806,7.367476563454665,3.428153113795281,5.622165184328182,0.28718091081226926,0.00614203137798447,0.2813904804357219,0.005320358856135833,5.504155214405987,7.1896504465017035,4.957208500055363,14.89398720476086,0.0,0.03,0.45,0.52,-1.0
34,0.00010563433170318604,9.426388163119555,0.798505961894989,0.9324882021173835,1.690684794448316,0.24330943264067173,0.5385534116066992,36.7063448978588,32.230487536638975,0.46524319238960743,1.9729614462703466,0.19256294978782534,1.738721853820607,4.629860743880272,5.051331501450461,0.8392157190727914,5.369392249137445,10.07102749666318,5.449609014649433,4.469615075535287,1.0397350993377483,0.23683171790710933,15.817760272023113,80.30433994824757,1.075599820072524,0.1965229629672179,1.025292676621118,0.16973423675491345,5.072746213259058,8.76365760178271,4003.8570074954905,1629940935.0196965,2336.321593402923,110903647.80088158,14187312902023.996,3.0312932621491703e+29,5034108313582.651,2.8919528519006234e+28,1.2385996755657507,0.8664629044945656,1.3809876496621238,1.2269984394821314,3.0520813075693414,6.987649041430804,3.2014092036437583,5.715685402085237,0.6892768983719146,0.01849046541256669,0.6619125234465115,0.01837618854824545,5.6353798064595875,7.325500294394387,5.134819474191348,15.510782007761325,0.0,0.06,0.33,0.61,-1.0
35,0.00010563433170318604,15.958033595234156,0.6500323889777064,0.9324882021173835,1.690684794448316,0.24330943264067173,0.5385534116066992,36.7063448978588,32.230487536638975,0.46524319238960743,1.9729614462703466,0.19256294978782534,1.738721853820607,4.629860743880272,5.051331501450461,0.8392157190727914,5.313383113389261,9.991826947060138,5.340821270974123,4.506379417300853,1.0397350993377483,0.23683171790710933,17.000818016695984,89.27358959842935,1.1105266186537284,0.16823604401639536,1.092022589575923,0.19778231315177355,5.567406479213009,8.059492337557122,62951.99937236693,3485463861415.841,8063.500399327166,41559636267.48675,12403007566260.22,4.313588337981853e+29,708298746265.7778,1.640972770849728e+27,1.2803256085868484,0.9361429858837569,1.3245153842099902,1.1568920912365739,2.734663811697018,6.394020652046642,2.942389368831602,5.619886512526146,0.6763022378424928,0.018813146197091377,0.6481248735434787,0.018078675070640468,5.552194501295667,7.298178929720771,5.157822261150149,15.451747489792167,0.0,0.09,0.34,0.57,-1.0
36,0.00010563433170318604,15.958033595234156,0.798505961894989,0.8121483996510506,1.690684794448316,0.24330943264067173,0.5385534116066992,36.7063448978588,32.230487536638975,0.46524319238960743,1.9729614462703466,0.19256294978782534,1.738721853820607,4.629860743880272,5.051331501450461,0.8392157190727914,5.343679477442982,9.65487764439142,5.416208961422226,4.451660971308587,1.0397350993377483,0.23683171790710933,15.779264828281534,92.10410608013869,1.1138107998776783,0.19636858876676008,1.1912214253601843,0.17753173673977948,4.976946431431955,7.952693529416661,3923.26899516846,5918140944.262693,1770.9233357029211,86378844.82602748,314107953234.06915,2.6748938444023875e+26,65300774221.404465,7.405499938498423e+24,1.3073339284219863,0.9588327787715628,1.3205986427886611,1.1200646180027878,3.064273792569498,6.547428851713728,3.252482347477536,5.422291137166822,0.6908646300244888,0.020683508419501152,0.6632493436346477,0.020018057178927556,5.508794874007995,6.816488528861147,5.191249916835527,15.532603678295736,0.0,0.1,0.3,0.6,-1.0
37,0.00010563433170318604,15.958033595234156,0.798505961894989,0.9324882021173835,3.336622859351337,0.24330943264067173,0.5385534116066992,36.7063448978588,32.230487536638975,0.46524319238960743,1.9729614462703466,0.19256294978782534,1.738721853820607,4.629860743880272,5.051331501450461,0.8392157190727914,5.430374134906019,10.698383104167924,5.519552534530031,4.720682763342444,1.0397350993377483,0.23683171790710933,17.75874955955389,80.71790422530108,1.1387635245388528,0.21579577367043284,1.070836239011255,0.19449757912211071,4.947925911160307,7.581453181625497,16778.517941568138,79610445890.25055,7528.630088109302,11049533340.059248,520645834715.052,5.1178023809405774e+26,271642919378.68265,5.782223006078114e+25,1.2521783654335399,0.8959757069375704,1.3745814473205682,1.2329702744404358,3.0955243723029517,6.391902158850556,3.2702041240708586,5.2492830296483355,0.6854321700142244,0.018851183788492893,0.6560474129167281,0.018136898571921724,5.701351162074693,7.943091306167835,5.303256742171987,16.223207165149763,0.0,0.12,0.35,0.53,-1.0
38,0.00010563433170318604,15.958033595234156,0.798505961894989,0.9324882021173835,1.690684794448316,0.9751826068386436,0.5385534116066992,36.7063448978588,32.230487536638975,0.46524319238960743,1.9729614462703466,0.19256294978782534,1.738721853820607,4.629860743880272,5.051331501450461,0.8392157190727914,5.2854976754866145,9.214256317284727,5.3309988417338126,4.236146196309182,1.0397350993377483,0.23683171790710933,14.356132996812157,91.9446639433937,1.0847238576288338,0.1714471554348338,1.0513579528316261,0.1945343853804869,4.79862593134596,7.512207600975101,7809.276172938996,11755637066.967655,3050.7424421785117,344573002.75180006,2562458591364.9893,1.9552715858138817e+28,284329361786.10846,5.760110055445716e+25,1.255404111364935,0.9240542115266678,1.3465930165111544,1.1538491076044086,3.1291599151082217,6.336102273337054,3.3109146588479215,5.353998685371704,0.6603594227040808,0.01665443387007945,0.6390082323085572,0.014888477986370849,5.5021579921361585,6.630732818864644,5.121910186883843,14.570700753073174,0.0,0.07,0.32,0.61,-1.0
39,0.00010563433170318604,15.958033595234156,0.798505961894989,0.9324882021173835,1.690684794448316,0.24330943264067173,0.5385534116066992,36.7063448978588,32.230487536638975,0.46524319238960743,1.9729614462703466,0.19256294978782534,1.738721853820607,6.109295701608062,5.051331501450461,0.8392157190727914,5.263623563668076,9.422158607260736,5.320171938925326,4.283104901511548,1.0397350993377483,0.23683171790710933,14.63481992202463,83.33929374795574,1.0355898813618305,0.17965939147739887,1.1806400810780027,0.18298853166694007,5.118827452999397,8.272366244917285,5914.710959629041,21675219597.880352,2315.8843575736887,363957200.9200712,290542871228.3613,2.1301522889181677e+26,40465637964.52126,3.470698218556168e+23,1.3094778007716392,0.9794193216267228,1.3081260552463985,1.11939245353175,3.004174759179234,6.549228562871965,3.18463060926108,5.625153513635357,0.6811525794206645,0.019835264955353062,0.6567392866905708,0.018909713174661096,5.494791299102748,6.769997328515887,5.080339098960456,15.095111968348352,0.0,0.04,0.36,0.6,-1.0
40,0.00010563433170318604,15.958033595234156,0.798505961894989,0.9324882021173835,1.690684794448316,0.24330943264067173,0.5385534116066992,36.7063448978588,32.230487536638975,0.46524319238960743,1.9729614462703466,0.19256294978782534,1.738721853820607,4.629860743880272,5.051331501450461,0.8392157190727914,5.338226407111063,9.277846623446107,5.378406082038762,4.359019511221637,1.0397350993377483,0.23683171790710933,15.62178993165045,102.28778963742694,1.1175385586176971,0.14884227838656575,1.015340717075793,0.16919717398697504,4.710409918178041,7.9453792073255425,3937960168.6653547,2.3152719314261424e+23,22098601.98576895,1.6817622075391583e+18,3486310838078.1475,2.3044974089824535e+28,586748414584.3262,1.6420683008536785e+26,1.2281031435870358,0.8352934866939423,1.3476076746646268,1.156900345679828,3.1268942002050233,6.608017167435359,3.2853374307210457,5.5341483187299865,0.675693134172452,0.01809135555378394,0.6510063783156399,0.018211028260780485,5.4709149592164525,6.792398250106823,5.220955991581505,14.78568999084516,0.0,0.1,0.26,0.64,-1.0
41,0.19712202437222004,17.31861127540469,0.43495837040245533,0.3014120701700449,1.2732655135914683,0.3466622792184353,1.5208040000870824,35.267032193019986,37.629619169048965,0.11448699608445168,1.0186256803572178,0.38957618329674004,1.7046850614715368,0.24949603714048862,5.051331501450461,0.8392157190727914,5.407582468263162,4.402803163848061,5.277981937831266,2.222683639180053,1.0397350993377483,0.23683171790710933,16.8513536677007,127.9647152208164,1.117394370797541,0.17142417807315977,1.130987292329364,0.19880423256661495,4.731106094363175,8.386409465227334,97.07134315388502,35190.51202585019,76.40166397357437,11381.827237524945,19230893.155321427,2.348543539437127e+17,10851516.385304365,4.408889869691429e+16,1.220548023245022,0.7826870070741897,1.2223031171867307,0.8368076227355492,4.013911440710669,7.618956748239455,4.104164947782919,7.123578080386982,0.601732343348572,0.022237192148416313,0.5787741427349039,0.01725932759298829,5.097114160050859,2.302634629776863,5.289701885940013,8.357872207156932,0.0,0.17,0.2,0.63,0.0
42,1.025426246225834,17.31861127540469,0.43495837040245533,0.3014120701700449,1.2732655135914683,0.3466622792184353,1.5208040000870824,35.267032193019986,37.629619169048965,0.11448699608445168,1.0186256803572178,0.38957618329674004,1.7046850614715368,0.24949603714048862,5.051331501450461,0.8392157190727914,5.376010940868857,4.538871512985023,5.258195356287751,2.111640473872946,1.0397350993377483,0.23683171790710933,18.61953219719354,115.38888179595948,1.0160789166584714,0.1568846168020235,1.096331767915246,0.1786427470502019,4.607887849765625,7.490802066464936,213.78540603796162,37090436.52203885,84.95709612558058,128678.75195142576,289478615.8646194,5.562908483134922e+20,15487643.646718431,1.147972169839333e+17,1.2680014188155295,0.8512349004796518,1.203068973226196,0.7738906759591042,4.095706147380848,6.983110867850598,4.22296213773238,6.369693829408984,0.4288438677308887,0.011685262836064718,0.4141078651547101,0.009753191756419413,5.120484328441498,2.371827704072007,5.327104515926406,9.051552795293885,0.0,0.16,0.14,0.7,1.0
43,0.19712202437222004,5.025139320641756,0.43495837040245533,0.3014120701700449,1.2732655135914683,0.3466622792184353,1.5208040000870824,35.267032193019986,37.629619169048965,0.11448699608445168,1.0186256803572178,0.38957618329674004,1.7046850614715368,0.24949603714048862,5.051331501450461,0.8392157190727914,5.420448182023592,4.790432083309328,5.3024113365916365,2.370215683758772,1.0397350993377483,0.23683171790710933,18.581218414950172,134.80814243417106,1.0610811331921983,0.17018578573572796,1.1330047659044697,0.18030061618427734,4.588348444970975,6.544228232313098,102.26637048459234,59672.08276556471,78.95449070252101,16782.125865930655,41553262.446034014,5.2879761161322214e+17,13549886.23994065,5.519873763597526e+16,1.2605081701565182,0.8797149489722733,1.2479043596991914,0.8773773988917078,4.010643860572351,6.842380674494913,4.114531855038269,6.376826357420281,0.5652403540527567,0.016703565116135195,0.5426885757666533,0.014711182490573713,5.143080422854838,2.643387075170019,5.328231144685958,8.91738872603023,0.0,0.2,0.19,0.61,0.0
44,0.19712202437222004,17.31861127540469,0.13878267351537943,0.3014120701700449,1.2732655135914683,0.3466622792184353,1.5208040000870824,35.267032193019986,37.629619169048965,0.11448699608445168,1.0186256803572178,0.38957618329674004,1.7046850614715368,0.24949603714048862,5.051331501450461,0.8392157190727914,5.494273293321343,5.018655189444087,5.352074784592851,2.441747421916889,1.0397350993377483,0.23683171790710933,18.664371602084938,114.66108413646758,1.0484527832956783,0.19889568123417278,1.0619646468583468,0.17446965475115936,4.964231890434523,8.730282170154675,99.30789434565163,27438.653478442615,77.56079749549401,7686.893521760457,67264022.44501781,2.3467060162848614e+18,15662398.359078776,6.269957252894357e+16,1.1478112942538066,0.5591771563856464,1.3183899497768317,0.9753433958675295,4.070791484845182,7.192571022258913,4.168013494368624,6.82908850905397,0.6014722620389237,0.021852216215242255,0.5736124401432033,0.017106302363674657,5.127997554194376,2.5217297448760925,5.259804094508003,9.755105205006885,0.0,0.12,0.24,0.64,0.0
45,0.19712202437222004,17.31861127540469,0.43495837040245533,0.04449957050383091,1.2732655135914683,0.3466622792184353,1.5208040000870824,35.267032193019986,37.629619169048965,0.11448699608445168,1.0186256803572178,0.38957618329674004,1.7046850614715368,0.24949603714048862,5.051331501450461,0.8392157190727914,5.280662325722082,4.4744750203018215,5.161318626192744,2.3125994559757324,1.0397350993377483,0.23683171790710933,19.650876785184586,121.56751459855008,1.1370060116861913,0.16795698508121804,1.118813859073689,0.1805482055543534,4.975616108113463,6.302783905330158,85.34412225063252,41759.848281929204,68.08725696161434,3623.9561526126213,70476450.17998472,1.302057456355669e+19,3580896.448495447,2.0679826458753524e+16,1.2015462443515554,0.7790193364716408,1.1397133273924644,0.49178159911225716,4.043138919650899,7.210516273130853,4.192866777785977,6.872152140898543,0.5997969791562687,0.022105710150263042,0.5717541672776859,0.01875737469881183,5.148888320420094,2.592817734166614,5.142084605392309,8.38001006598093,0.0,0.11,0.22,0.67,0.0
46,0.19712202437222004,17.31861127540469,0.43495837040245533,0.3014120701700449,4.795041372999549,0.3466622792184353,1.5208040000870824,35.267032193019986,37.629619169048965,0.11448699608445168,1.0186256803572178,0.38957618329674004,1.7046850614715368,0.24949603714048862,5.051331501450461,0.8392157190727914,5.23836714586933,4.482076442531703,5.1549853017308225,2.0516026956696347,1.0397350993377483,0.23683171790710933,17.64512075241665,125.27591646024862,1.0156416132236066,0.13700221165122775,1.0896895238505984,0.20185201149986962,4.8472751988544545,7.923081481069535,106.9731489245648,1010497.367006808,71.74120481864541,7994.6007844031055,246808476.19070426,7.278411385268169e+19,26085447.135048036,7.72268876887561e+17,1.2707887892459584,0.8783551794467586,1.2223257628983881,0.8380617754947857,3.8671698702648243,7.176280211625877,4.025791131768661,6.790841504615895,0.5960433474455132,0.02807651631235552,0.5688058847263967,0.02440026185025597,5.162996207411727,2.141942119182973,5.181239675996697,9.465559700052225,0.0,0.09,0.24,0.67,0.0
47,0.19712202437222004,17.31861127540469,0.43495837040245533,0.3014120701700449,1.2732655135914683,0.8183224014937878,1.5208040000870824,35.267032193019986,37.629619169048965,0.11448699608445168,1.0186256803572178,0.38957618329674004,1.7046850614715368,0.24949603714048862,5.051331501450461,0.8392157190727914,5.464347912165009,4.839976202130202,5.348446628843244,2.337815400458629,1.0397350993377483,0.23683171790710933,18.057853005802635,108.84211291212188,1.1196765513083964,0.20811498913663162,1.0499209290848397,0.1508911722046041,5.220744151845871,8.288480724649022,101.25872548806731,31327.36004466982,79.5340311277956,9562.89039470598,61876087.34360435,4.3408134661398876e+18,8427140.216948394,8.103409086857291e+16,1.1624447085917695,0.6661222443798106,1.2841935717183734,0.911981696699541,3.894559239384797,7.085654162718416,4.023858295452634,6.704448370643975,0.5924138519038167,0.022385160436941963,0.5666846856692237,0.016314977878358304,5.08556421347732,2.532462499545635,5.468404840827918,9.620125935796393,0.0,0.3,0.13,0.57,1.0
48,0.19712202437222004,17.31861127540469,0.43495837040245533,0.3014120701700449,1.2732655135914683,0.3466622792184353,1.2884692922234535,35.267032193019986,37.629619169048965,0.11448699608445168,1.0186256803572178,0.38957618329674004,1.7046850614715368,0.24949603714048862,5.051331501450461,0.8392157190727914,5.326752876706214,4.975034719615412,5.176621975790006,2.2120990090029102,1.0397350993377483,0.23683171790710933,19.378307458178025,111.62332288620311,1.1170477810548975,0.17044671873389472,1.0104638325486717,0.15519738505981354,4.9861079012842335,8.710095941260485,97.44714683012594,923121.8316374018,68.8387546036781,5149.607497968457,99348098.58569272,1.319661726177461e+19,10766762.48941518,3.066600247591776e+16,1.1446419472122384,0.6760516458029918,1.2958800822648453,0.953805693744598,3.931391626230672,7.351923575485378,4.068033715040539,6.7877225142681805,0.5854567602081057,0.02275008224197924,0.5596936253150737,0.019706776710119736,5.205694110413052,2.4876696518694787,5.20063952988078,9.796949757204363,0.0,0.11,0.23,0.66,0.0
49,0.19712202437222004,17.31861127540469,0.43495837040245533,0.3014120701700449,1.2732655135914683,0.3466622792184353,1.5208040000870824,2.080876264721155,37.629619169048965,0.11448699608445168,1.0186256803572178,0.38957618329674004,1.7046850614715368,0.24949603714048862,5.051331501450461,0.8392157190727914,5.693405321885049,4.872417479871318,5.489710943935071,2.5006920381520357,1.0397350993377483,0.23683171790710933,17.360470271219356,119.30193945199504,1.169515488118014,0.20565042353974888,1.1467401982006438,0.18709763522588532,5.4344810221122755,7.4947558062450055,190780.84559756564,1446381127173.4956,34089.17653767461,30460066833.235176,35840834.84049362,2.495267640317124e+18,2894089.608894108,1.9781890365520644e+16,1.1962150198157615,0.917292468256072,1.2195979944493753,0.8437510770547164,3.967457378514825,7.07227700850923,4.077386672282299,6.770749637204338,0.585802774271843,0.023243866502276254,0.5605573305769914,0.021344566167290455,5.169608092189179,2.0982175298968904,6.748907818387317,8.94490415414758,0.0,0.66,0.04,0.3,1.0
50,0.19712202437222004,17.31861127540469,0.43495837040245533,0.3014120701700449,1.2732655135914683,0.3466622792184353,1.5208040000870824,35.267032193019986,24.57475571986288,0.11448699608445168,1.0186256803572178,0.38957618329674004,1.7046850614715368,0.24949603714048862,5.051331501450461,0.8392157190727914,5.075847789430877,2.6584773736299208,5.086377159998471,1.561457325502384,1.0397350993377483,0.23683171790710933,11.620883062928238,49.84676465253805,1.0135425289241544,0.16757024475979268,1.0819146667839048,0.18105959658608728,5.554755315889863,6.869055276097659,65.33625624316,3512.2877029052274,62.58922952781661,1759.6317705157023,2730.2662804838856,5803469298.0098295,1399.1770726517673,477201516.6858435,1.2539033329033307,0.8371720057272517,1.1426849131967882,0.6915337870580139,4.150607678282838,7.528612727714843,4.260904042492713,7.317399025951909,0.5616991370494852,0.0229538673655563,0.5439229461851193,0.019462356506266806,5.071481854121573,1.4206988845741506,5.172256590422425,5.824704595972796,0.0,0.18,0.25,0.57,0.0
51,0.19712202437222004,17.31861127540469,0.43495837040245533,0.3014120701700449,1.2732655135914683,0.3466622792184353,1.5208040000870824,35.267032193019986,37.629619169048965,1.1474477462470531,1.0186256803572178,0.38957618329674004,1.7046850614715368,0.24949603714048862,5.051331501450461,0.8392157190727914,5.510943518452337,10.626777222831164,5.5121393881914615,5.027996951713914,1.0397350993377483,0.23683171790710933,19.08450919120406,105.91132953507748,1.0305456717594876,0.1987389371049929,1.0695156661564413,0.19793943358766236,4.7546234153933025,8.201333439954677,21348906632.186684,5.2623122193235446e+23,17354558090.79357,1.0535971042046207e+23,1982355262.8515582,4.2865798953337115e+21,1616977306.783062,9.233562578188087e+20,1.311946366357621,1.0493278867302616,1.284662508689001,1.0010189131645821,2.991806933191419,6.015959287268124,3.1670203304891804,4.901214056732244,0.6566530912307154,0.014668420281089683,0.6295520177542466,0.015720185329800802,5.32929165768266,7.92751172184184,5.254837605566822,16.348870249882406,0.0,0.04,0.21,0.75,0.0
52,0.19712202437222004,17.31861127540469,0.43495837040245533,0.3014120701700449,1.2732655135914683,0.3466622792184353,1.5208040000870824,35.267032193019986,37.629619169048965,0.11448699608445168,0.29735169745981693,0.38957618329674004,1.7046850614715368,0.24949603714048862,5.051331501450461,0.8392157190727914,5.134972399343081,1.3473380060417517,5.102391496235275,0.9959703645379182,1.0397350993377483,0.23683171790710933,18.13113232307961,99.1173333402304,1.0791940189164884,0.1968535185085421,1.0871367197994966,0.17718570713239398,4.6714215126733105,7.794629497924834,65.89580717892422,10837.604510579133,59.596668498857525,1265.7890343461565,10059.663254205467,163699466460.79657,1081.3725664845213,2125865812.934319,1.2132629908952373,0.7893310952408571,1.178392624582397,0.717684711169115,4.711645509284242,8.227402777068232,4.846448966435173,8.144692660540391,0.44115827642205074,0.019681065517277434,0.4132194825257268,0.011978206852069925,5.072378129203968,0.9489370207446566,5.133839395628626,3.3156654087996746,0.0,0.32,0.2,0.48,1.0
53,0.00010563433170318604,15.958033595234156,0.798505961894989,0.9324882021173835,1.690684794448316,0.24330943264067173,1.1045110528357327,36.7063448978588,32.230487536638975,0.46524319238960743,1.9729614462703466,0.19256294978782534,1.738721853820607,4.629860743880272,5.051331501450461,0.8392157190727914,5.324354351647697,9.908166970183515,5.401103094435957,4.561737978230284,1.0397350993377483,0.23683171790710933,15.772298234704769,85.43472876935662,1.0188591285540605,0.16557473079524146,1.0827926028901544,0.1957203412529785,4.916934882194603,7.6892911387305425,5333.474180589011,4104968096.898237,2502.5275824569385,235364563.35759565,128052801391.68388,2.4328535235037626e+25,68330785396.46643,1.2357567203923042e+24,1.2986474375620443,0.9408136601942684,1.309808230669439,1.1236895415634243,3.119644331271823,6.6856118869048435,3.2747770912851366,5.542518950554389,0.6795224760914765,0.017014438915667982,0.654733986838423,0.016250444392332298,5.646256665464218,7.34778309508168,5.089878305191322,14.964547885463801,0.0,0.06,0.34,0.6,-1.0
54,0.00010563433170318604,15.958033595234156,0.798505961894989,0.9324882021173835,1.690684794448316,0.24330943264067173,0.5385534116066992,19.14447358623147,32.230487536638975,0.46524319238960743,1.9729614462703466,0.19256294978782534,1.738721853820607,4.629860743880272,5.051331501450461,0.8392157190727914,5.341080839582231,10.398918806498143,5.427748006287572,4.792441962152179,1.0397350993377483,0.23683171790710933,15.83009911512359,72.93470091593095,1.0983440895071446,0.1990778047413093,1.080240982342042,0.17871329627055704,4.984978051322235,9.70069773461866,20626.968494128156,969826596072.7291,2088.075239375271,1309614220.2303648,16541750657.973993,2.612909021283887e+23,16244446344.559563,6.590501284024278e+22,1.2823196164945625,0.94224852702328,1.339307091197099,1.1976608489068672,3.109515070048898,7.075333123912625,3.287300181163388,5.738728768564685,0.6846502206053363,0.015659479392653212,0.6585763949269555,0.015196196465525388,5.703151195502565,7.681021539799447,5.072238167494318,15.812510501309733,0.0,0.07,0.37,0.56,-1.0
55,0.00010563433170318604,15.958033595234156,0.798505961894989,0.9324882021173835,1.690684794448316,0.24330943264067173,0.5385534116066992,36.7063448978588,14.866768485866487,0.46524319238960743,1.9729614462703466,0.19256294978782534,1.738721853820607,4.629860743880272,5.051331501450461,0.8392157190727914,5.275461010928191,7.620931028996623,5.278010527372708,3.933503134024299,1.0397350993377483,0.23683171790710933,7.271182780250892,14.308657899076676,1.094647799339862,0.1696046008854439,1.0661909802922818,0.18208942429670663,5.1418281410866555,8.691648396031493,4733.748040291548,18820804546.69345,2937.992176311658,4733082784.076702,2679433.723169783,1.86481053995501e+16,2631690.2471823744,5730967664456113.0,1.2316221313761802,0.8512331252772127,1.3744084968791266,1.1774363044318266,3.1619349731611166,6.978641665759173,3.252810263488591,5.7366812906599085,0.6476036246130434,0.01954200298058591,0.6350519448192532,0.014116059778441428,5.285372209347417,4.925895312743026,5.241458586371296,13.304074655245353,0.0,0.03,0.11,0.86,0.0
56,0.00010563433170318604,15.958033595234156,0.798505961894989,0.9324882021173835,1.690684794448316,0.24330943264067173,0.5385534116066992,36.7063448978588,32.230487536638975,1.4570084661245346,1.9729614462703466,0.19256294978782534,1.738721853820607,4.629860743880272,5.051331501450461,0.8392157190727914,5.42113702582775,11.74637620386552,5.408417511827525,5.150814804790585,1.0397350993377483,0.23683171790710933,15.893975955100055,81.86123905608788,1.1288374668177155,0.18151248841832998,1.0366159078965769,0.15302174683398417,4.6641142560920805,7.525016832930075,360728799494.5235,2.2966290792496594e+26,36359474742.56632,2.4334008485375955e+24,31648964686509.168,6.498090574030813e+29,4948949558484.157,1.444718330063345e+28,1.3308109547631555,1.119666448687362,1.3776327321806345,1.217389765803043,3.008502000176048,6.1899436786616695,3.15824129484961,4.469214939197731,0.6838153447139403,0.016365746341364378,0.6577109031895215,0.0162013607712489,5.658616484031542,9.108990375698,5.079121105401633,17.133074980475264,0.0,0.05,0.39,0.56,-1.0
57,0.00010563433170318604,15.958033595234156,0.798505961894989,0.9324882021173835,1.690684794448316,0.24330943264067173,0.5385534116066992,36.7063448978588,32.230487536638975,0.46524319238960743,0.5751251000910997,0.19256294978782534,1.738721853820607,4.629860743880272,5.051331501450461,0.8392157190727914,5.132923809188615,6.823459858750644,5.170081172102253,3.255797832767597,1.0397350993377483,0.23683171790710933,17.425238874673973,92.50664873830472,1.1200459238631775,0.20161144077761545,1.0804668369555848,0.15934407176102244,4.7025991980216295,9.254753091408272,27453.276603634567,317639156840.0286,7986.602807765155,12575001428.909927,553849.0707585012,182196611730968.44,446250.9150543523,54935255954014.92,1.2206652230695143,0.8428705380176921,1.3154031574670504,0.9899010827365357,3.226981971144931,6.836575859164805,3.359846822784714,5.7097925935907305,0.637346229654857,0.019214026311729252,0.614259980391687,0.017313184071078028,5.053007993681159,4.226548763384929,5.089694382197755,12.561608006047114,0.0,0.13,0.34,0.53,0.0
58,0.00010563433170318604,15.958033595234156,0.798505961894989,0.9324882021173835,1.690684794448316,0.24330943264067173,0.5385534116066992,36.7063448978588,32.230487536638975,0.46524319238960743,1.9729614462703466,0.9416956130508334,1.738721853820607,4.629860743880272,5.051331501450461,0.8392157190727914,5.348961474510684,9.977545835853547,5.398776517927737,4.485907108659192,1.0397350993377483,0.23683171790710933,15.91827690142777,75.38348175879528,1.0985063566443691,0.1819961211676585,1.0837864522059986,0.1861491220042547,4.792010662521425,8.360734182288976,10250.98754133866,64693306582.25562,2403.8583642325475,662277021.894311,50124187495.764,4.295017711264416e+24,8011480542.813701,2.0969986733444535e+22,1.2687896141390869,0.9029134263146826,1.3270361358045448,1.154215032935224,3.102139150629415,6.514215329946469,3.2659536720378712,5.5001066980303195,0.6891060264477532,0.018276979294038025,0.6618165530756727,0.017772901254293153,5.6161266742152165,7.147175398716947,5.128961903347408,15.740160235825899,0.0,0.04,0.39,0.57,-1.0
59,0.00010563433170318604,15.958033595234156,0.798505961894989,0.9324882021173835,1.690684794448316,0.24330943264067173,0.5385534116066992,36.7063448978588,32.230487536638975,0.46524319238960743,1.9729614462703466,0.19256294978782534,3.494831378106028,4.629860743880272,5.051331501450461,0.8392157190727914,5.313541053022811,9.777518249683387,5.351474356164259,4.405353365748711,1.0397350993377483,0.23683171790710933,15.355077466618857,71.33106929094848,1.1374620631535814,0.20427468281902939,1.115801768836421,0.20572456489586805,5.844221019033342,8.432676860356736,38731.29657531605,915264281198.4045,9371.571949920988,32469063609.203114,16755600361089.766,4.963199664148145e+29,6668791206057.213,4.347838901688423e+28,1.2661364767890688,0.9217069119365496,1.3206518289750793,1.140767186495905,2.631908627669625,6.338097512031857,2.828012885006451,5.476726040004381,0.6794689732754409,0.018127187714652854,0.6543891881093041,0.01789627202054142,5.467401814048662,7.11049161722644,5.0874818804250825,15.561648779081585,0.0,0.08,0.31,0.61,-1.0
